id,score,descendants,new_score,new_descendants
33737577,7,0,476,147
33738388,6,0,40,9
33738403,6,0,24,45
33738480,6,1,23,6
33738918,10,4,32,17
33739176,31,19,71,59
33739831,7,2,26,14
33739899,6,1,10,3
33740808,7,1,7,1
33741771,9,5,105,92
33741778,12,1,32,13
33741838,6,1,13,7
33742112,34,9,122,98
33742130,50,23,240,238
33742790,13,0,108,25
33742820,6,0,7,0
33742899,10,1,122,196
33743206,6,4,9,<null>
33743458,23,6,62,153
33743567,44,14,651,342
33743750,7,0,213,137
33743878,10,5,21,11
33743945,9,2,267,33
33744136,27,5,194,123
33744239,7,5,14,17
33744990,8,0,146,134
33744997,9,10,19,55
33745267,18,7,81,140
33745276,10,0,22,5
33745296,7,2,20,2
33745624,12,1,44,11
33745903,6,0,11,0
33746054,12,0,44,4
33746360,29,3,248,128
33746485,27,47,40,145
33746895,6,2,7,2
33747165,11,0,272,260
33747183,6,1,228,188
33747466,7,0,10,1
33747554,14,1,155,43
33747575,11,0,15,<null>
33747617,16,0,19,<null>
33747910,10,0,10,0
33748814,6,1,37,9
33748949,17,0,276,114
33750005,8,0,47,2
33751099,8,1,124,152
33751589,6,1,104,20
33751805,61,13,311,328
33752484,12,1,120,9
33752558,15,1,124,86
33752561,25,6,228,102
33753366,38,19,65,44
33753380,23,25,162,350
33753442,35,17,227,241
33753454,30,17,66,97
33753467,12,10,169,181
33753993,10,9,20,25
33754670,40,26,54,34
33754893,14,15,33,43
33754957,14,1,330,256
33755162,9,3,12,10
33755206,6,0,87,15
33755243,23,14,250,370
33755340,6,1,8,<null>
33755531,11,2,290,318
33756277,8,0,156,32
33756458,6,0,66,24
33756504,13,4,77,43
33757107,18,0,158,177
33757484,31,17,365,97
33757545,10,7,129,145
33757795,6,1,21,20
33758999,8,2,72,41
33759299,7,3,24,49
33759340,31,10,151,173
33759935,23,18,44,96
33760091,18,14,29,39
33760666,17,1,93,85
33760707,13,1,52,16
33761193,9,1,248,186
33762795,11,0,56,33
33762898,6,0,9,0
33763081,17,0,398,272
33763481,84,70,184,230
33763495,9,13,26,41
33764754,6,2,7,4
33764767,12,11,26,29
33764794,51,21,59,39
33764883,9,0,60,50
33764895,6,0,14,5
33764935,11,4,201,76
33765179,9,0,101,145
33765182,89,41,192,4
33765437,30,12,177,163
33765839,7,1,124,33
33765874,6,1,9,1
33765978,125,60,190,245
33766563,7,2,52,24
33767248,8,0,16,1
33767343,10,3,33,23
33769043,8,0,13,0
33769274,8,0,150,95
33769547,8,0,11,1
33770382,6,0,20,8
33771445,41,5,985,140
33771881,19,5,187,140
33772004,8,3,261,327
33772876,10,2,223,189
33773043,11,0,738,391
33773093,6,0,50,84
33773724,6,1,14,3
33773972,32,9,120,79
33773984,9,1,15,1
33774085,21,9,169,134
33774248,13,0,333,339
33774685,51,52,175,186
33774743,8,1,22,1
33774822,73,24,523,532
33775085,9,0,286,77
33775143,7,0,93,45
33775652,6,0,8,0
33775710,6,0,7,0
33776042,14,1,24,2
33776408,7,7,29,33
33776491,16,0,123,31
33776525,7,0,7,0
33776796,7,0,133,85
33777335,6,7,7,7
33777387,6,2,7,2
33777435,20,1,31,0
33777442,15,1,91,30
33777534,8,4,31,13
33777637,7,12,12,23
33777802,18,6,188,210
33777873,11,2,12,6
33777962,7,1,105,70
33778302,147,71,959,697
33778337,12,4,15,4
33778412,6,0,9,1
33778450,9,5,11,<null>
33778623,6,0,10,1
33778682,6,0,36,12
33778991,6,1,6,3
33779030,8,3,13,3
33779284,10,2,12,7
33779292,6,0,52,34
33779544,6,0,23,14
33779871,7,1,19,7
33779909,12,7,16,10
33780237,7,0,9,0
33780238,10,1,13,4
33780397,7,2,16,8
33780720,30,13,252,207
33780724,8,0,9,0
33781396,7,0,10,1
33781477,77,41,171,161
33781604,7,0,17,0
33781635,8,1,12,2
33782387,17,0,49,58
33782585,22,1,189,70
33783504,18,2,499,195
33783770,8,0,118,57
33784024,6,0,14,2
33784306,7,0,31,15
33784374,6,1,10,1
33784432,16,3,214,223
33784617,12,0,73,19
33784632,13,2,35,23
33785512,10,10,48,59
33785519,6,0,13,2
33785887,8,1,11,3
33786309,8,1,102,110
33786471,11,2,47,134
33786474,6,1,205,177
33786773,9,2,107,30
33786824,6,0,7,0
33787129,7,0,9,0
33787218,73,83,297,379
33787239,18,28,47,75
33787270,59,11,821,402
33787982,6,0,17,0
33788044,6,0,72,149
33788118,6,11,18,99
33788191,19,0,147,14
33788194,6,0,16,0
33788208,22,2,397,262
33788226,10,2,50,95
33788667,23,8,61,24
33788794,11,1,140,64
33788821,7,0,44,17
33788883,15,4,76,2
33789787,7,0,15,0
33789797,7,0,19,0
33789940,18,0,1014,367
33790271,7,0,10,0
33790436,7,1,10,1
33790482,15,33,18,104
33790568,19,5,123,293
33790621,8,1,101,101
33790908,8,0,11,0
33790915,7,0,26,13
33791351,37,11,48,23
33791472,55,15,182,172
33791559,9,5,40,75
33792137,8,2,10,3
33792217,14,4,135,97
33792322,8,0,213,84
33792335,7,1,12,1
33792974,7,0,205,22
33793273,15,1,487,151
33793281,8,0,150,43
33793473,13,0,15,0
33793486,11,0,47,23
33793487,16,0,36,42
33793499,9,3,11,4
33793540,7,1,11,<null>
33793570,16,5,481,188
33793616,45,8,164,60
33793625,6,0,11,0
33793650,9,0,11,4
33793766,7,1,27,4
33794246,6,0,12,0
33794254,10,2,20,2
33794285,6,0,7,0
33794293,21,13,375,410
33794295,7,2,9,3
33794308,10,1,30,14
33794364,10,1,17,4
33795010,6,0,18,0
33795122,7,0,173,131
33795607,10,5,56,23
33795870,49,54,102,176
33795904,9,2,9,<null>
33796730,7,5,7,<null>
33797360,6,1,9,9
33797623,31,21,90,83
33798329,7,0,19,6
33798397,6,0,7,3
33798708,9,0,176,227
33799353,27,22,200,308
33799389,9,2,24,14
33799767,30,20,185,151
33799784,44,2,231,99
33800324,15,0,80,22
33800340,58,64,211,194
33800516,8,0,66,16
33800550,6,0,12,0
33800683,11,0,253,130
33801124,6,0,12,0
33801209,8,3,31,113
33801213,10,7,256,425
33801314,16,1,149,36
33801352,6,0,18,3
33801380,28,9,274,202
33801385,6,1,6,2
33801427,22,21,60,100
33801577,6,1,6,<null>
33801605,13,0,131,50
33802016,12,3,30,14
33802194,12,3,14,4
33802991,9,6,43,71
33803032,6,0,44,4
33803067,10,2,19,14
33803156,9,0,38,1
33803180,6,1,10,1
33803256,7,0,9,0
33803266,89,61,206,223
33804011,79,42,240,211
33804126,8,12,44,56
33804293,7,1,707,460
33804475,6,0,6,0
33804565,11,1,47,5
33804727,9,1,11,1
33804874,9,0,408,232
33804957,11,1,26,1
33805172,15,2,496,876
33805231,10,6,17,13
33805310,7,2,10,2
33805535,7,2,11,2
33805732,6,2,185,39
33805791,26,8,270,478
33806401,26,1,27,1
33806493,13,1,56,15
33806577,6,2,9,2
33807099,6,0,10,1
33807257,12,2,1082,569
33807260,6,0,9,0
33807308,6,0,19,5
33807491,7,0,46,2
33807942,7,2,57,31
33808189,12,8,23,10
33808402,8,0,10,0
33808435,6,0,346,291
33808841,7,1,25,9
33809090,8,0,28,3
33809609,6,2,9,3
33809613,9,2,31,13
33809631,46,23,97,69
33810675,6,3,11,8
33810767,6,7,85,88
33811229,10,10,24,45
33811246,8,0,32,0
33811286,6,1,9,2
33811355,6,0,29,13
33811387,10,2,10,<null>
33811958,49,13,303,141
33812999,29,15,66,52
33813781,14,1,83,45
33814916,11,8,67,145
33815032,8,1,11,5
33815085,22,0,240,198
33815454,6,3,6,3
33815775,7,0,9,0
33816186,11,1,382,167
33816622,9,2,27,11
33816861,74,45,649,1093
33817038,11,4,49,76
33817567,33,14,70,80
33817626,13,5,143,110
33817682,21,6,260,267
33817801,6,2,12,8
33817987,19,11,89,113
33818037,16,30,423,578
33818183,8,1,109,77
33818374,8,0,38,17
33818531,20,12,222,81
33818672,7,0,52,24
33818693,6,1,149,22
33818987,10,4,172,131
33819092,9,1,38,6
33819444,8,0,14,1
33819457,7,0,9,0
33819488,8,4,11,14
33819496,9,1,19,3
33819616,12,0,618,594
33819697,9,0,14,3
33819860,23,29,270,537
33819940,12,0,73,4
33820000,6,0,89,30
33820330,48,35,189,88
33820538,6,0,38,5
33820575,42,18,939,904
33821371,118,23,267,70
33821431,15,0,16,0
33822145,22,3,290,121
33822149,6,2,551,411
33822157,50,7,723,178
33822215,8,4,98,45
33822413,21,3,30,4
33823050,7,7,10,12
33823299,6,1,6,<null>
33823842,6,0,23,1
33823848,13,0,74,3
33823905,10,5,24,18
33823946,162,43,684,234
33824256,6,0,42,16
33825544,14,0,295,311
33826373,6,1,10,1
33828038,6,0,8,0
33828509,18,8,433,364
33830177,14,0,174,117
33830759,7,0,423,159
33830787,15,11,38,99
33831759,21,8,116,26
33831766,32,7,170,156
33832056,13,4,13,<null>
33832358,7,1,1309,592
33832703,7,3,16,8
33832866,6,2,323,333
33832923,8,0,219,53
33833728,7,2,12,3
33833751,6,0,21,3
33833826,16,3,131,117
33833836,45,5,865,174
33833947,24,12,166,308
33834006,17,1,226,2
33834556,19,15,51,74
33834792,7,3,17,7
33835083,18,3,274,247
33835432,7,0,24,6
33835535,7,3,7,2
33835758,10,0,14,0
33835815,17,0,396,228
33835978,6,1,19,6
33836543,6,0,132,38
33836666,28,10,443,291
33837111,12,2,65,48
33837401,7,0,123,59
33837954,6,0,141,106
33838089,6,0,28,3
33838474,27,4,120,52
33838546,10,3,21,<null>
33838556,15,5,986,1568
33839919,6,0,272,146
33839941,6,1,145,38
33840100,8,3,15,20
33840210,6,5,7,4
33840223,7,5,40,64
33842081,14,4,148,60
33842406,19,4,261,94
33842648,6,0,242,191
33843020,9,4,92,54
33843088,11,0,14,0
33843474,17,5,167,60
33843698,24,2,178,42
33844302,6,0,193,220
33844537,25,15,247,164
33844854,9,2,38,78
33845291,16,1,340,50
33845855,12,0,17,1
33845941,46,4,248,81
33845946,41,19,252,125
33845987,11,3,19,4
33846104,7,0,90,79
33846391,10,9,27,18
33846515,21,3,212,101
33846689,6,2,77,34
33846723,9,0,309,148
33846997,7,0,33,2
33847199,8,2,256,78
33847479,33,5,2029,910
33847619,9,1,24,10
33848155,6,0,16,46
33848960,9,1,10,<null>
33849267,18,14,328,249
33849274,7,2,11,7
33849556,15,0,276,147
33850613,46,6,167,66
33851406,73,14,640,340
33852383,20,4,365,244
33852471,14,0,376,296
33853091,6,1,27,13
33853219,8,0,301,124
33853492,10,4,64,67
33853539,19,1,346,75
33853688,7,2,9,2
33853697,6,0,18,0
33854469,23,20,53,40
33854539,9,6,30,36
33854638,28,6,231,308
33855136,6,1,9,7
33855250,14,1,84,101
33855387,10,0,144,51
33855557,38,2,166,63
33855632,10,0,11,0
33855684,6,0,55,5
33855693,7,1,16,10
33855815,6,0,17,5
33856788,23,17,86,90
33856829,9,1,13,6
33857694,48,3,356,190
33858844,47,28,420,454
33858947,24,7,164,300
33859220,93,46,214,265
33860562,11,1,194,145
33860648,28,1,194,33
33861244,12,0,39,6
33861459,15,1,101,91
33861585,6,4,10,5
33861846,38,23,203,139
33861908,8,0,30,8
33863269,23,5,194,85
33863288,7,0,13,0
33863921,8,0,15,1
33864167,29,6,251,179
33864195,11,7,98,145
33864257,8,0,49,39
33864276,40,14,506,439
33864318,6,0,7,1
33864447,10,6,51,158
33864844,9,7,34,61
33865672,14,1,372,133
33866084,20,8,100,112
33866280,27,4,237,75
33866466,7,3,25,25
33867039,31,11,472,288
33867118,7,5,35,90
33867266,8,0,149,110
33867546,7,0,8,0
33867565,51,37,80,<null>
33867604,7,5,13,8
33867804,15,11,168,153
33868100,9,2,284,173
33868197,37,10,945,349
33868531,24,34,45,62
33868580,7,0,8,0
33868630,38,12,139,162
33868690,7,2,9,3
33868891,6,3,11,8
33869277,8,2,153,46
33869438,8,8,10,9
33869533,9,0,97,33
33869800,26,4,309,208
33869967,10,4,33,83
33869981,8,0,8,0
33870010,8,2,10,4
33870528,6,4,28,16
33870529,8,0,10,1
33870612,27,5,407,137
33870862,8,1,27,2
33871161,7,1,10,1
33871204,19,1,114,62
33871521,9,1,35,27
33872338,14,5,79,145
33872814,14,2,164,146
33872950,7,1,181,747
33873416,13,1,188,109
33873446,6,0,11,0
33873494,6,1,10,1
33873511,6,0,22,3
33874292,7,2,12,7
33874621,11,1,73,78
33875231,17,6,58,38
33875545,31,33,33,43
33875569,10,2,14,3
33875670,9,1,210,374
33875894,9,6,40,9
33876811,7,0,124,147
33877153,10,1,136,23
33877587,47,12,303,231
33877774,32,46,61,136
33877802,15,1,324,143
33877835,8,2,81,134
33878209,57,16,466,560
33878216,8,3,333,497
33878395,6,0,9,0
33878688,7,4,149,239
33878951,9,7,107,443
33879258,37,28,199,246
33879416,41,9,451,282
33879542,8,0,9,0
33879690,10,2,250,383
33879858,14,5,67,127
33880377,19,10,46,57
33880490,6,1,160,258
33881057,8,1,98,43
33881712,20,2,34,1
33881818,7,0,218,165
33881936,11,1,73,55
33882293,8,0,186,126
33882733,11,4,31,29
33882760,6,1,12,1
33883834,7,0,59,28
33883938,11,1,17,2
33884396,6,0,11,0
33884441,12,7,191,369
33884794,6,0,17,1
33885153,10,1,551,239
33885676,20,1,86,39
33885746,9,0,27,7
33885979,6,0,28,14
33886453,7,0,20,10
33886673,28,5,280,117
33886709,6,1,44,7
33886800,26,1,54,2
33887783,6,1,92,41
33888013,9,0,19,0
33888108,6,0,15,1
33889407,29,11,155,169
33889415,55,25,432,334
33889742,6,1,17,1
33890002,6,3,53,53
33890098,60,5,337,178
33890415,12,0,37,1
33890585,22,6,184,177
33890625,10,1,172,141
33890655,10,0,140,40
33890678,8,2,14,5
33890925,12,3,271,21
33891265,11,0,322,70
33891400,7,7,15,27
33892473,8,1,62,49
33892532,11,8,26,89
33893240,9,0,92,59
33893271,6,3,48,126
33893337,7,0,11,0
33893535,6,0,27,9
33894307,8,0,53,100
33894641,17,0,34,0
33894679,41,53,288,495
33894688,36,23,135,77
33894926,34,6,343,101
33894997,6,0,38,3
33895559,6,1,20,1
33895773,44,35,168,328
33895994,6,1,7,<null>
33896284,11,17,21,40
33896317,6,2,7,3
33896460,9,3,39,48
33896501,8,0,63,16
33896930,7,0,8,0
33897161,8,0,12,<null>
33897246,7,2,16,7
33897379,16,8,181,113
33897787,7,0,23,2
33897793,43,17,1587,1043
33897884,9,0,37,11
33897964,14,1,44,3
33898075,27,10,482,151
33898153,19,3,736,408
33898336,48,4,392,89
33899220,8,0,65,15
33899766,29,14,69,116
33899964,6,0,24,4
33900041,7,3,76,78
33900066,6,0,17,4
33900488,54,31,179,141
33900789,24,4,48,15
33901268,7,3,15,6
33901368,46,14,158,114
33901450,26,1,131,174
33901582,7,1,12,2
33901624,6,2,23,43
33901685,6,0,20,1
33901923,8,2,9,1
33902737,8,0,55,18
33903731,6,0,13,2
33903850,25,4,196,203
33904336,8,0,225,139
33905266,6,0,19,5
33906520,9,0,155,28
33906755,8,0,24,4
33907096,63,21,263,282
33907130,19,0,30,<null>
33907245,19,3,233,56
33908134,15,6,108,205
33908280,23,5,255,146
33908770,37,27,45,47
33908848,11,0,73,41
33908856,14,8,24,30
33908954,13,6,63,68
33909722,14,3,14,7
33909760,9,0,33,9
33910249,8,0,11,0
33910542,11,0,92,15
33910544,12,1,32,9
33910605,9,0,66,30
33910711,6,4,48,50
33910992,8,0,56,69
33910997,8,0,115,37
33911156,8,2,9,10
33911278,7,7,50,69
33911433,7,1,20,1
33911478,24,32,43,42
33911698,11,1,293,84
33911961,11,13,11,18
33912060,131,92,408,457
33912102,15,0,15,1
33912131,6,3,15,12
33912786,15,1,79,35
33912800,6,0,7,2
33913161,45,1,550,72
33913231,40,2,528,337
33913275,11,0,71,221
33913845,13,6,320,204
33914015,18,2,76,111
33914122,17,3,144,45
33916240,7,2,102,103
33916702,10,4,21,2
33917017,6,2,12,2
33917070,8,0,120,206
33917091,7,5,9,6
33917471,8,0,42,21
33917962,11,4,860,480
33919451,6,10,23,66
33919535,8,3,46,82
33919823,8,1,446,54
33919830,7,1,289,77
33920166,11,3,37,64
33920243,7,1,13,<null>
33921088,7,8,28,27
33921576,14,4,87,91
33921638,8,7,10,13
33921670,11,0,15,0
33921861,86,11,643,395
33922236,38,9,60,32
33922267,9,1,225,89
33922282,19,18,43,143
33922328,24,4,141,121
33922483,11,11,14,16
33922589,7,3,14,4
33923087,6,0,24,13
33923137,14,13,399,433
33923685,6,1,63,181
33923907,13,0,352,104
33924754,33,5,164,66
33924870,7,0,7,0
33925034,7,0,15,7
33925047,17,0,570,41
33925492,10,0,38,2
33925542,11,2,46,11
33925546,6,0,43,1
33925894,6,1,22,7
33926322,11,1,18,7
33926600,31,4,222,84
33926630,6,1,90,166
33926639,6,0,239,85
33926652,18,3,60,19
33926683,29,19,335,376
33926782,8,2,45,9
33926814,6,0,9,1
33927195,13,0,13,<null>
33927218,6,2,10,4
33929304,8,3,12,<null>
33929620,21,3,218,113
33930165,7,1,35,12
33930235,14,2,14,1
33930706,31,5,512,83
33931732,38,10,212,302
33931749,27,23,73,119
33932422,48,16,183,170
33933208,22,5,292,378
33933711,7,0,28,13
33933892,9,0,45,8
33934139,6,1,707,430
33934443,6,0,9,2
33934580,6,3,650,421
33934647,6,0,8,13
33935162,8,1,151,39
33935306,14,5,117,139
33935566,19,0,257,145
33936499,6,1,16,2
33939491,19,0,722,211
33939509,7,5,44,61
33939590,9,0,95,31
33941324,21,7,282,98
33942558,30,16,256,211
33942581,37,2,113,236
33942597,25,0,470,56
33942670,16,1,552,624
33942679,14,4,222,232
33943029,8,7,26,10
33943537,34,16,302,154
33943677,6,1,70,142
33944543,28,1,84,43
33944678,16,0,42,0
33944767,6,0,90,82
33944772,15,4,189,135
33945370,19,2,133,149
33945863,8,3,1065,801
33945958,14,0,38,9
33947087,26,16,153,85
33947220,9,8,12,10
33947312,8,1,179,78
33947761,6,0,99,98
33948061,10,7,40,28
33948535,7,2,159,218
33948811,6,3,10,5
33948819,11,0,18,0
33949038,16,13,36,20
33949611,16,1,233,55
33949680,15,4,291,145
33949895,46,14,392,156
33950289,9,1,90,30
33950542,11,0,149,85
33951076,6,0,41,5
33987118,75,25,382,489
33987168,7,1,34,12
33987263,6,0,9,3
33987376,18,3,195,111
33987578,69,15,655,405
33987702,7,5,13,12
33987706,8,1,9,<null>
33987952,7,1,221,146
33988345,14,3,122,191
33988883,130,73,204,185
33988999,18,9,136,133
33989432,11,0,295,137
33990006,22,7,74,40
33990028,7,0,9,0
33990049,6,0,221,136
33990086,14,0,38,<null>
33990160,6,2,20,10
33990316,18,3,22,10
33990612,6,2,187,196
33990792,22,4,43,18
33990944,23,13,187,181
33990983,20,0,64,4
33991007,29,4,905,259
33991136,19,2,56,20
33991270,8,2,29,19
33991461,23,0,31,2
33991546,42,66,77,144
33992412,35,42,814,1328
33992648,6,0,11,0
33992984,6,0,265,213
33993419,13,0,20,0
33993443,14,11,31,34
33993529,10,3,61,13
33994406,9,2,46,27
33994451,7,1,19,8
33994475,17,1,193,73
33994778,7,2,19,11
33994779,17,3,21,6
33994795,10,0,13,1
33994924,6,0,6,0
33995219,14,0,36,5
33995265,8,1,162,136
33995341,6,0,10,0
33995598,7,1,10,1
33995750,9,6,38,44
33995968,66,7,189,89
33996023,7,0,10,0
33996358,6,0,14,4
33996746,9,1,10,<null>
33996786,11,0,65,8
33996871,8,2,55,97
33997074,14,6,63,29
33997645,49,27,307,352
33997986,27,29,70,92
33998112,39,13,409,824
33998198,9,0,37,9
33998311,6,2,181,94
33998438,6,0,147,56
33998629,7,0,12,1
33999191,17,2,139,75
33999229,21,23,56,121
33999296,24,36,218,378
33999873,19,5,90,28
33999999,17,1,154,122
34000076,37,59,98,137
34000206,6,1,87,26
34000208,17,11,338,544
34000330,9,0,261,34
34000502,6,0,322,167
34000863,6,0,16,1
34000958,6,1,16,1
34001036,17,0,27,0
34001055,9,3,19,12
34001256,7,4,16,12
34001317,6,2,8,2
34001347,24,6,443,205
34001435,16,1,277,65
34001493,12,4,122,46
34001579,6,0,13,1
34001818,6,2,11,3
34001857,21,7,32,11
34001981,10,8,42,29
34002140,6,0,10,0
34002411,8,0,457,126
34002870,6,3,20,12
34003048,7,3,11,3
34003151,9,0,56,2
34003785,9,3,11,6
34003797,13,0,86,48
34004493,25,6,35,13
34004815,7,2,81,115
34004927,8,0,139,25
34004954,7,0,18,2
34005344,6,7,9,8
34005484,9,1,18,1
34005489,8,0,16,0
34005913,22,7,101,18
34006202,25,5,324,156
34006335,7,0,21,4
34006388,11,1,94,33
34006721,8,0,12,1
34007012,11,3,224,104
34007403,19,1,195,70
34007460,14,5,18,<null>
34007524,6,0,108,10
34008064,90,56,253,192
34008094,26,0,38,1
34008111,14,1,29,3
34008182,15,1,31,1
34008226,28,9,69,36
34008325,19,1,49,2
34008383,151,56,1109,1659
34008449,26,0,31,0
34008487,27,2,35,4
34008501,19,1,25,1
34008515,9,0,9,0
34008527,44,9,59,14
34008541,26,0,34,0
34008559,8,0,13,0
34008574,24,2,43,3
34008596,21,2,32,3
34008631,12,0,18,0
34008649,15,0,30,0
34008655,15,0,28,0
34008672,17,1,32,12
34008864,10,2,18,3
34009007,9,0,24,2
34009333,8,0,86,6
34009568,11,0,18,0
34009666,14,0,28,3
34009688,16,3,34,14
34009813,6,1,13,1
34010357,6,0,13,3
34011154,10,2,14,5
34011201,7,1,56,62
34011395,6,2,14,4
34011514,34,4,130,18
34011770,15,1,140,39
34011931,6,0,7,0
34012167,6,11,14,30
34012691,6,1,6,1
34012907,7,0,113,15
34013000,60,34,264,259
34013363,6,1,11,3
34013423,76,50,86,89
34013767,18,10,465,173
34014377,34,14,119,273
34014408,19,5,138,66
34014750,10,1,16,1
34014758,14,0,38,2
34014778,8,1,21,1
34014781,6,4,17,12
34014956,48,12,255,197
34014958,15,0,41,4
34015167,9,0,132,28
34015658,8,2,54,22
34015677,6,1,13,3
34015691,10,3,26,11
34015706,6,0,7,<null>
34015827,6,0,12,0
34015865,6,0,21,3
34015885,7,0,61,96
34015953,6,0,291,58
34015990,9,0,16,0
34016363,13,3,17,5
34016384,12,1,40,11
34016389,108,73,366,276
34016553,35,12,96,126
34016574,8,5,9,6
34016939,7,1,19,3
34017532,6,0,29,7
34017619,7,13,16,23
34018327,25,9,307,313
34018332,23,7,275,255
34018626,6,0,17,4
34018904,6,0,14,6
34019009,13,0,96,11
34019160,8,0,17,0
34019309,7,0,13,0
34019529,8,2,17,9
34019786,8,1,25,9
34019880,7,3,9,6
34019900,25,0,285,208
34019969,10,3,21,6
34020025,47,0,606,348
34020067,18,4,384,142
34020114,11,3,21,8
34020347,6,1,20,3
34020654,16,16,309,877
34021077,16,0,93,39
34021357,6,3,9,4
34021414,27,4,283,167
34021621,7,1,23,2
34021789,11,0,97,119
34022281,6,3,9,3
34022484,13,2,1873,1168
34022904,13,2,38,2
34023434,8,1,8,<null>
34024756,10,2,23,12
34025377,11,2,123,76
34025542,7,1,9,1
34025620,72,25,121,103
34025929,8,0,156,128
34026313,7,4,19,8
34026965,10,1,278,200
34027615,6,0,9,1
34027969,14,2,61,45
34028014,10,2,274,110
34028084,18,2,303,125
34028087,13,0,327,458
34028601,28,1,401,88
34028682,110,8,629,278
34028734,6,0,12,1
34028921,21,1,411,482
34029914,52,30,366,287
34030735,7,3,32,40
34030749,19,8,22,<null>
34030767,6,1,23,5
34031196,7,1,10,1
34031292,40,7,158,69
34032121,33,4,53,33
34032402,65,15,183,71
34033389,32,4,285,153
34035148,10,4,308,150
34035349,8,4,15,6
34035581,32,0,350,137
34035951,7,1,12,2
34036208,12,3,90,119
34036476,34,25,76,101
34036882,8,1,11,5
34037547,7,8,40,65
34037634,6,0,14,4
34037647,11,2,36,81
34037731,32,7,87,54
34038021,24,2,185,185
34038061,11,6,41,32
34038484,14,16,59,149
34038542,14,13,57,53
34038582,43,31,182,318
34038601,43,12,379,298
34038663,19,3,63,32
34038948,13,0,376,200
34039256,35,42,116,216
34039283,13,2,148,205
34039392,10,3,50,34
34039480,6,1,10,1
34040103,37,12,178,96
34040165,282,157,977,743
34040277,42,14,373,239
34040361,7,0,416,38
34041260,7,0,9,<null>
34041775,9,7,11,<null>
34041928,6,2,10,4
34041962,29,24,928,694
34041985,279,207,1076,1023
34042651,18,4,91,32
34043099,10,1,265,63
34043631,6,0,16,0
34044024,6,0,23,0
34044047,121,27,1789,1193
34044097,15,6,53,23
34044484,6,0,16,<null>
34045595,6,1,10,<null>
34045696,7,0,12,0
34045730,13,5,26,9
34045775,17,3,34,8
34046074,6,2,19,4
34046699,7,0,27,32
34046730,14,10,99,120
34047257,6,2,39,9
34047567,11,1,55,36
34047607,17,7,94,26
34047737,10,1,44,35
34050283,21,3,139,108
34050715,7,0,76,33
34050883,17,6,22,10
34050912,16,0,21,1
34050991,15,7,31,26
34051088,10,3,57,25
34051325,44,21,261,148
34051374,12,1,21,2
34051378,13,0,23,0
34051427,15,13,43,65
34051721,15,4,157,106
34051860,54,37,177,151
34051868,7,0,286,145
34051876,37,35,107,122
34051957,8,1,163,148
34052363,10,4,96,88
34052468,15,6,116,43
34052786,7,0,113,65
34053094,120,24,379,169
34053252,9,2,53,6
34053416,8,0,43,0
34053442,8,0,11,0
34053466,15,2,25,19
34053938,10,6,99,17
34054156,11,1,70,44
34054266,7,1,13,4
34054711,12,2,23,10
34054718,27,3,315,107
34054886,8,0,13,0
34055058,12,1,353,383
34055123,18,9,277,256
34055132,22,1,231,96
34055379,8,0,53,5
34055425,6,0,9,0
34055834,49,2,278,102
34055900,7,2,9,<null>
34056378,26,3,167,20
34056406,8,0,22,5
34056453,21,0,48,0
34056812,14,26,358,324
34057308,7,1,21,3
34057449,7,1,12,<null>
34057468,8,2,22,11
34057480,6,0,33,10
34057699,8,1,253,140
34057981,11,0,54,95
34058134,8,0,56,10
34058563,8,9,13,16
34058658,16,0,197,42
34058711,41,8,227,92
34059332,6,2,11,2
34059595,11,0,21,8
34059645,7,7,44,58
34060219,26,16,195,120
34060545,10,0,59,20
34061174,10,2,78,74
34061180,18,1,19,<null>
34061206,11,0,264,146
34061214,17,2,46,6
34061511,10,0,214,69
34061924,8,0,12,0
34063290,25,4,243,116
34063337,7,0,7,0
34063720,15,8,177,149
34063952,34,10,90,237
34064191,15,2,139,80
34064477,7,0,40,1
34064480,14,0,106,58
34065108,12,8,62,191
34065234,6,9,135,158
34065638,23,26,42,129
34066284,10,6,14,17
34066527,15,10,115,341
34066696,7,3,26,15
34066737,9,2,19,9
34066764,7,0,11,0
34066824,9,0,1372,383
34067109,41,39,315,211
34067170,63,16,177,103
34067247,20,0,49,2
34067710,13,0,19,0
34067844,7,1,12,6
34068101,21,6,41,24
34068108,8,0,27,0
34068255,7,0,44,8
34068339,26,3,166,89
34068384,55,11,164,50
34068691,10,3,20,9
34069051,7,5,13,16
34069074,13,36,60,138
34069106,67,34,462,555
34069113,36,5,301,159
34069177,25,9,151,147
34069231,6,0,8,1
34069316,26,5,60,19
34069496,6,1,47,29
34069579,10,2,48,3
34069893,11,4,13,12
34070376,8,3,28,43
34070451,9,0,190,117
34071073,6,1,18,1
34071163,14,1,65,5
34071211,6,1,113,242
34071611,10,1,68,54
34072000,8,1,18,6
34072081,15,0,17,0
34072163,9,4,16,12
34072337,8,1,23,7
34072349,9,0,240,80
34072394,9,1,114,106
34072775,8,0,16,6
34072848,6,3,10,5
34073024,6,0,24,28
34073116,6,1,10,3
34073258,9,0,26,0
34073616,6,2,15,15
34073682,26,7,195,140
34073981,6,1,8,<null>
34074344,20,9,74,50
34074373,6,0,10,1
34074843,7,0,113,36
34074926,6,0,11,<null>
34075354,6,0,7,<null>
34075488,9,4,38,28
34075796,7,3,15,6
34075828,6,4,14,10
34075990,7,0,13,0
34076111,6,0,27,4
34076305,49,39,227,562
34076685,52,6,572,412
34077399,6,0,21,13
34077678,36,5,447,168
34078247,15,2,329,165
34078422,9,1,79,16
34078576,7,0,84,63
34078828,13,0,164,9
34078876,7,5,11,13
34078935,6,0,168,116
34079034,15,0,121,200
34079299,13,3,40,59
34079711,7,3,22,3
34079942,6,0,240,175
34080026,6,0,139,39
34081021,13,0,37,4
34081156,15,2,158,94
34081290,6,2,6,2
34081331,40,12,320,438
34081858,40,10,249,113
34081962,6,2,7,4
34082019,6,1,11,12
34082022,9,1,172,117
34082122,6,0,24,3
34082138,8,2,58,14
34082712,10,5,17,49
34082718,7,0,121,40
34082799,8,0,128,201
34083028,9,2,30,23
34083181,6,0,12,12
34083980,7,0,18,4
34084381,27,8,39,190
34084436,9,2,10,4
34084455,19,7,263,219
34084521,6,1,13,8
34084756,6,2,35,12
34084808,6,0,13,3
34085244,6,0,22,3
34085350,18,2,30,<null>
34085585,8,0,151,68
34085868,8,0,11,0
34085913,6,0,134,58
34085963,7,1,19,23
34086158,7,3,35,38
34086596,9,4,9,8
34086622,8,4,27,16
34086739,8,2,184,117
34087443,11,0,14,1
34087808,46,29,211,162
34088016,12,0,15,2
34088411,8,0,47,3
34088547,12,0,46,28
34088840,11,2,271,316
34089038,10,6,26,2
34089183,13,1,71,135
34089765,6,0,17,2
34091098,25,17,333,550
34092352,6,0,113,13
34092401,9,0,64,11
34092489,7,0,12,0
34092655,6,0,14,10
34092749,17,0,251,314
34092986,25,8,134,64
34092992,9,0,56,85
34093025,11,0,276,88
34093122,8,2,18,9
34093597,6,2,160,52
34094189,6,0,14,40
34094308,20,18,115,210
34094326,6,0,19,7
34094497,33,4,728,146
34094637,7,0,54,16
34095005,16,0,56,28
34095022,21,3,91,24
34095107,19,2,70,36
34095258,14,0,178,154
34095830,48,10,330,60
34095981,8,0,24,15
34096828,6,0,17,15
34096911,16,17,262,460
34096917,6,1,48,13
34096988,6,1,188,115
34097324,26,7,274,141
34097361,29,46,44,101
34097416,10,0,50,20
34097545,7,0,69,33
34097642,8,3,168,75
34097682,12,2,106,66
34098132,98,24,745,460
34098235,7,3,17,20
34098288,26,2,180,133
34099517,6,0,46,11
34099641,62,2,755,77
34099647,15,1,69,15
34099693,7,0,12,<null>
34099847,9,1,49,36
34101146,7,0,12,1
34102419,17,0,344,54
34102816,17,0,180,198
34102891,7,0,13,0
34102962,8,0,169,40
34103142,11,1,159,87
34103896,26,10,1185,948
34104400,20,0,183,139
34104680,6,15,24,95
34104747,124,7,1428,150
34105510,8,0,36,53
34105558,10,2,221,87
34105572,33,8,453,309
34105770,7,5,214,209
34106091,40,9,231,143
34106291,7,0,10,1
34106301,6,0,9,0
34106762,41,5,320,98
34106937,8,0,23,13
34106942,6,0,7,2
34106963,7,1,15,2
34106982,19,17,146,184
34107621,8,2,14,3
34108380,15,6,39,35
34108413,19,35,65,147
34108434,29,3,191,172
34108692,7,0,267,190
34109161,6,1,32,4
34109349,18,2,434,137
34109734,18,8,108,67
34110178,46,3,229,59
34110321,23,9,91,38
34110562,11,1,36,8
34110945,15,16,217,239
34111071,6,2,12,2
34111326,6,2,67,44
34111360,8,3,18,28
34111880,8,0,595,411
34111950,10,0,26,0
34111981,7,0,13,0
34112579,6,0,53,12
34112874,38,13,377,252
34114622,6,0,18,4
34115284,8,0,81,25
34115643,6,0,49,12
34115756,6,0,13,1
34116211,16,16,240,408
34116361,49,15,322,238
34117269,6,0,59,8
34118257,101,20,321,125
34118341,10,1,16,11
34119233,7,0,8,<null>
34119539,17,8,66,88
34119543,52,13,93,24
34119634,6,7,12,11
34119688,12,0,200,50
34119879,17,0,226,47
34120237,6,0,229,513
34120289,10,4,20,17
34120292,6,1,21,14
34120698,6,1,26,17
34121082,15,2,1609,218
34121201,10,1,69,26
34121211,7,3,23,16
34121227,6,0,18,13
34121370,7,0,55,9
34121873,15,0,100,38
34121880,8,0,127,67
34122028,9,0,91,8
34122578,7,0,159,95
34123302,9,0,599,118
34123333,12,5,16,11
34123355,6,0,177,142
34124617,7,1,20,5
34124726,40,4,448,274
34125408,10,0,247,63
34125628,35,53,377,731
34126303,15,0,19,0
34126385,10,1,42,6
34127025,27,4,277,290
34127161,12,0,69,21
34127571,6,0,9,0
34127596,18,2,28,3
34127742,6,8,153,87
34128133,6,0,112,5
34128199,24,2,35,<null>
34128468,32,11,62,119
34128514,36,8,84,61
34128698,31,9,273,169
34129030,15,7,15,<null>
34129105,7,0,20,2
34130878,11,11,56,91
34130894,80,70,223,331
34131436,10,16,89,57
34131553,26,33,222,381
34131626,12,7,16,9
34131668,9,3,227,164
34132152,16,1,344,555
34132223,6,4,7,<null>
34132381,9,1,71,96
34132872,7,0,46,35
34133762,7,0,97,76
34134551,30,2,78,6
34134833,18,47,34,88
34135525,15,13,16,17
34136401,15,26,40,67
34137463,44,6,114,58
34137794,11,1,53,47
34137966,14,3,183,277
34137990,10,2,123,75
34138028,12,1,145,68
34138594,13,1,156,70
34138630,7,0,72,23
34139001,13,1,17,4
34139048,44,14,220,60
34139136,10,2,13,2
34139285,12,0,61,4
34139674,24,1,51,34
34139682,6,0,11,0
34139710,15,3,16,<null>
34140282,7,5,7,6
34140335,8,1,11,1
34140607,8,0,9,1
